Top pages,Clicks,Impressions,CTR,Position
https://www.obscureholidaycalendar.com/,15,477,3.14%,11.98
https://www.obscureholidaycalendar.com/holiday/national-cookie-day/,5,12,41.67%,26.25
https://www.obscureholidaycalendar.com/holiday/national-roof-over-your-head-day/,4,195,2.05%,11.62
https://www.obscureholidaycalendar.com/discord-bot/,4,87,4.6%,9.13
https://www.obscureholidaycalendar.com/holiday/barbie-and-barney-backlash-day/,2,254,0.79%,10.07
https://www.obscureholidaycalendar.com/holiday/stay-home-because-youre-well-day/,2,160,1.25%,12.28
https://www.obscureholidaycalendar.com/holiday/national-mutt-day/,2,138,1.45%,7.76
https://www.obscureholidaycalendar.com/holiday/everything-you-do-is-right-day/,2,127,1.57%,6.82
https://www.obscureholidaycalendar.com/holiday/leap-day/,2,112,1.79%,3.35
https://www.obscureholidaycalendar.com/holiday/national-bouillabaisse-day/,2,26,7.69%,16.31
https://www.obscureholidaycalendar.com/holiday/absurdity-day/,2,15,13.33%,34.4
https://www.obscureholidaycalendar.com/holiday/national-apple-turnover-day/,2,10,20%,56.6
https://www.obscureholidaycalendar.com/holiday/national-homemade-cookies-day/,2,4,50%,77.5
https://www.obscureholidaycalendar.com/holiday/national-ding-a-ling-day/,1,302,0.33%,12.5
https://www.obscureholidaycalendar.com/holiday/human-rights-day/,1,137,0.73%,5.15
https://www.obscureholidaycalendar.com/holiday/national-hangover-day/,1,116,0.86%,8.39
https://www.obscureholidaycalendar.com/holiday/international-mountain-day/,1,102,0.98%,4.76
https://www.obscureholidaycalendar.com/holiday/krampusnacht/,1,99,1.01%,8.1
https://www.obscureholidaycalendar.com/holiday/put-on-your-own-shoes-day/,1,81,1.23%,10.26
https://www.obscureholidaycalendar.com/holiday/world-emoji-day/,1,76,1.32%,10.39
https://www.obscureholidaycalendar.com/holiday/make-up-your-mind-day/,1,70,1.43%,4.57
https://www.obscureholidaycalendar.com/holiday/national-hard-candy-day/,1,62,1.61%,15.98
https://www.obscureholidaycalendar.com/holiday/bill-of-rights-day/,1,28,3.57%,10.11
https://www.obscureholidaycalendar.com/holiday/have-a-bagel-day/,1,28,3.57%,11.43
https://www.obscureholidaycalendar.com/holiday/,1,26,3.85%,3.92
https://www.obscureholidaycalendar.com/holiday/wear-brown-shoes-day/,1,26,3.85%,18.62
https://www.obscureholidaycalendar.com/holiday/national-cookie-exchange-day/,1,25,4%,19.96
https://www.obscureholidaycalendar.com/holiday/national-llama-day/,1,23,4.35%,27.3
https://www.obscureholidaycalendar.com/holiday/antarctica-day/,1,22,4.55%,13.05
https://www.obscureholidaycalendar.com/holiday/pretend-to-be-a-time-traveler-day/,1,21,4.76%,29.29
https://www.obscureholidaycalendar.com/holiday/make-a-gift-day/,1,20,5%,15
https://www.obscureholidaycalendar.com/holiday/learn-your-name-in-morse-code-day/,1,20,5%,17.5
https://www.obscureholidaycalendar.com/holiday/national-corn-on-the-cob-day/,1,18,5.56%,41.56
https://www.obscureholidaycalendar.com/holiday/visit-the-zoo-day/,1,16,6.25%,16.12
https://www.obscureholidaycalendar.com/holiday/st-nicholas-day/,1,16,6.25%,93.25
https://www.obscureholidaycalendar.com/holiday/make-cut-out-snowflakes-day/,1,14,7.14%,17.29
https://www.obscureholidaycalendar.com/holiday/christmas-card-day/,1,13,7.69%,20.69
https://www.obscureholidaycalendar.com/holiday/bake-cookies-day/,1,13,7.69%,41.46
https://www.obscureholidaycalendar.com/holiday/bacon-day/,1,11,9.09%,8.18
https://www.obscureholidaycalendar.com/holiday/national-tater-day/,1,11,9.09%,22
https://www.obscureholidaycalendar.com/holiday/weed-appreciation-day/,1,10,10%,53.4
https://www.obscureholidaycalendar.com/holiday/national-drink-beer-day/,1,10,10%,84.4
https://www.obscureholidaycalendar.com/holiday/international-talk-like-a-pirate-day/,1,9,11.11%,26.67
https://www.obscureholidaycalendar.com/holiday/national-kite-flying-day/,1,8,12.5%,41.75
https://www.obscureholidaycalendar.com/holiday/wiggle-your-toes-day/,1,8,12.5%,45.38
https://www.obscureholidaycalendar.com/holiday/national-mousse-day/,1,7,14.29%,40.86
https://www.obscureholidaycalendar.com/holiday/national-tell-a-joke-day/,1,7,14.29%,43.43
https://www.obscureholidaycalendar.com/holiday/celebrate-your-unique-talent-day/,1,6,16.67%,76.83
https://www.obscureholidaycalendar.com/holiday/national-bad-poetry-day/,1,5,20%,28
https://www.obscureholidaycalendar.com/holiday/national-poinsettia-day/,1,5,20%,68.4
https://www.obscureholidaycalendar.com/holiday/no-housework-day/,1,5,20%,69.8
https://www.obscureholidaycalendar.com/holiday/national-train-your-brain-day/,1,5,20%,72.6
https://www.obscureholidaycalendar.com/holiday/gummy-worm-day/,1,5,20%,104
https://www.obscureholidaycalendar.com/holiday/international-holocaust-remembrance-day/,1,4,25%,14.75
https://www.obscureholidaycalendar.com/holiday/new-beers-eve/,1,4,25%,130.75
https://www.obscureholidaycalendar.com/holiday/superman-day/,1,3,33.33%,77.33
https://www.obscureholidaycalendar.com/holiday/international-polar-bear-day/,1,2,50%,19.5
https://www.obscureholidaycalendar.com/holiday/supermans-birthday/,1,2,50%,20
https://www.obscureholidaycalendar.com/holiday/international-human-solidarity-day/,1,2,50%,40.5
https://www.obscureholidaycalendar.com/holiday/name-yourself-day/,1,2,50%,152.5
https://www.obscureholidaycalendar.com/holiday/cherries-jubilee-day/,1,2,50%,197
https://www.obscureholidaycalendar.com/holiday/national-blueberry-pancake-day/,1,2,50%,198
https://www.obscureholidaycalendar.com/holiday/christmas-eve/,1,1,100%,3
https://www.obscureholidaycalendar.com/holiday/world-baking-day/,1,1,100%,7
https://www.obscureholidaycalendar.com/holiday/big-wind-day/,1,1,100%,19
https://www.obscureholidaycalendar.com/holiday/grab-some-nuts-day/,1,1,100%,220
https://www.obscureholidaycalendar.com/holiday/national-nothing-day/,0,4985,0%,10.62
https://www.obscureholidaycalendar.com/holiday/national-ootd-day/,0,202,0%,13.47
https://www.obscureholidaycalendar.com/holiday/celebration-of-life-day/,0,201,0%,10.27
https://www.obscureholidaycalendar.com/holiday/national-aunt-and-uncle-day/,0,95,0%,65.36
https://www.obscureholidaycalendar.com/holiday/national-sisters-day/,0,84,0%,67.4
https://www.obscureholidaycalendar.com/holiday/appreciate-a-dragon-day/,0,82,0%,14.62
https://www.obscureholidaycalendar.com/holiday/national-rubber-ducky-day/,0,73,0%,26.45
https://www.obscureholidaycalendar.com/holiday/go-caroling-day/,0,65,0%,11.97
https://www.obscureholidaycalendar.com/holiday/thanksgiving-day/,0,60,0%,7.82
https://www.obscureholidaycalendar.com/holiday/national-chocolate-covered-anything-day/,0,59,0%,45.51
https://www.obscureholidaycalendar.com/holiday/national-technology-day/,0,55,0%,11.45
https://www.obscureholidaycalendar.com/holiday/thesaurus-day/,0,55,0%,22.51
https://www.obscureholidaycalendar.com/app/,0,53,0%,5.25
https://www.obscureholidaycalendar.com/holiday/red-planet-day/,0,47,0%,3.49
https://www.obscureholidaycalendar.com/holiday/safety-razor-day/,0,47,0%,16.23
https://www.obscureholidaycalendar.com/holiday/wikipedia-day/,0,45,0%,14.78
https://www.obscureholidaycalendar.com/holiday/national-muffin-day/,0,43,0%,23.23
https://www.obscureholidaycalendar.com/holiday/international-potato-chip-day/,0,43,0%,31.09
https://www.obscureholidaycalendar.com/holiday/national-letter-writing-day/,0,38,0%,9.95
https://www.obscureholidaycalendar.com/holiday/world-ufo-day/,0,38,0%,39.53
https://www.obscureholidaycalendar.com/holiday/cuddle-up-day/,0,38,0%,39.58
https://www.obscureholidaycalendar.com/holiday/electronic-greetings-day/,0,36,0%,21.39
https://www.obscureholidaycalendar.com/holiday/national-alien-abduction-day/,0,35,0%,9.14
https://www.obscureholidaycalendar.com/holiday/lithuanian-independence-day/,0,34,0%,28.62
https://www.obscureholidaycalendar.com/holiday/no-dirty-dishes-day/,0,32,0%,10
https://www.obscureholidaycalendar.com/holiday/national-pig-day/,0,32,0%,26.09
https://www.obscureholidaycalendar.com/holiday/answer-the-telephone-like-buddy-the-elf-day/,0,31,0%,12.13
https://www.obscureholidaycalendar.com/holiday/saint-catherines-day/,0,30,0%,50.17
https://www.obscureholidaycalendar.com/holiday/national-measure-your-feet-day/,0,28,0%,11.14
https://www.obscureholidaycalendar.com/holiday/opposite-day/,0,28,0%,63.14
https://www.obscureholidaycalendar.com/holiday/popeye-s-birthday/,0,27,0%,22.44
https://www.obscureholidaycalendar.com/holiday/national-tempura-day/,0,26,0%,18.96
https://www.obscureholidaycalendar.com/holiday/national-bacon-day/,0,26,0%,63.96
https://www.obscureholidaycalendar.com/holiday/national-bird-day/,0,25,0%,22.6
https://www.obscureholidaycalendar.com/slack-bot/,0,25,0%,40.28
https://www.obscureholidaycalendar.com/holiday/science-fiction-day/,0,24,0%,22.96
https://www.obscureholidaycalendar.com/holiday/international-joke-day/,0,24,0%,27.83
https://www.obscureholidaycalendar.com/holiday/international-day-of-awesomeness/,0,23,0%,13.57
https://www.obscureholidaycalendar.com/holiday/napping-day/,0,22,0%,14.82
https://www.obscureholidaycalendar.com/holiday/learn-what-your-name-means-day/,0,21,0%,20.48
https://www.obscureholidaycalendar.com/holiday/take-your-houseplant-for-a-walk-day/,0,21,0%,32.14
https://www.obscureholidaycalendar.com/holiday/national-pharmacist-day/,0,21,0%,69.67
https://www.obscureholidaycalendar.com/holiday/international-trampoline-day/,0,20,0%,5.5
https://www.obscureholidaycalendar.com/holiday/blah-blah-blah-day/,0,20,0%,32.75
https://www.obscureholidaycalendar.com/holiday/national-cbd-day/,0,20,0%,67.7
https://www.obscureholidaycalendar.com/holiday/handwriting-day/,0,19,0%,10
https://www.obscureholidaycalendar.com/holiday/national-inventors-day/,0,19,0%,16.89
https://www.obscureholidaycalendar.com/holiday/roast-chestnuts-day/,0,19,0%,20.58
https://www.obscureholidaycalendar.com/holiday/nobel-prize-day/,0,19,0%,28.42
https://www.obscureholidaycalendar.com/holiday/national-brownie-day/,0,19,0%,33.11
https://www.obscureholidaycalendar.com/holiday/national-card-playing-day/,0,19,0%,51.74
https://www.obscureholidaycalendar.com/holiday/international-lego-day/,0,19,0%,52
https://www.obscureholidaycalendar.com/holiday/organize-your-home-day/,0,18,0%,9.33
https://www.obscureholidaycalendar.com/holiday/national-potato-lovers-day/,0,18,0%,12.5
https://www.obscureholidaycalendar.com/holiday/international-ninja-day/,0,18,0%,13.44
https://www.obscureholidaycalendar.com/holiday/belly-laugh-day/,0,18,0%,40.94
https://www.obscureholidaycalendar.com/holiday/world-sleep-day/,0,18,0%,70.22
https://www.obscureholidaycalendar.com/holiday/monkey-day/,0,17,0%,8.29
https://www.obscureholidaycalendar.com/holiday/falling-needles-family-fest-day/,0,17,0%,9.76
https://www.obscureholidaycalendar.com/holiday/dress-up-your-pet-day/,0,17,0%,29.94
https://www.obscureholidaycalendar.com/holiday/gingerbread-house-day/,0,17,0%,30.24
https://www.obscureholidaycalendar.com/holiday/thanksgiving/,0,16,0%,4.88
https://www.obscureholidaycalendar.com/holiday/festival-for-the-souls-of-dead-whales/,0,16,0%,15.56
https://www.obscureholidaycalendar.com/holiday/national-hugging-day/,0,16,0%,19.94
https://www.obscureholidaycalendar.com/holiday/stupid-guy-thing-day/,0,16,0%,25.62
https://www.obscureholidaycalendar.com/holiday/kid-inventors-day/,0,16,0%,26.69
https://www.obscureholidaycalendar.com/holiday/national-clam-chowder-day/,0,16,0%,27.81
https://www.obscureholidaycalendar.com/holiday/national-pastry-day/,0,16,0%,53.25
https://www.obscureholidaycalendar.com/holiday/national-cupcake-day/,0,16,0%,58.19
https://www.obscureholidaycalendar.com/holiday/have-a-bad-day-day/,0,15,0%,25.13
https://www.obscureholidaycalendar.com/holiday/pfeffernusse-day/,0,15,0%,36.13
https://www.obscureholidaycalendar.com/holiday/national-gingerbread-cookie-day/,0,15,0%,37.07
https://www.obscureholidaycalendar.com/holiday/national-girlfriends-day/,0,15,0%,61.33
https://www.obscureholidaycalendar.com/holiday/read-in-the-bathtub-day/,0,14,0%,7.43
https://www.obscureholidaycalendar.com/holiday/nothing-day/,0,14,0%,18.14
https://www.obscureholidaycalendar.com/holiday/yodel-for-your-neighbors-day/,0,14,0%,19.79
https://www.obscureholidaycalendar.com/holiday/national-compliment-day/,0,14,0%,36.93
https://www.obscureholidaycalendar.com/holiday/national-gingerbread-day/,0,14,0%,86.79
https://www.obscureholidaycalendar.com/holiday/halloween/,0,13,0%,3.69
https://www.obscureholidaycalendar.com/holiday/pledge-of-allegiance-day/,0,13,0%,35.62
https://www.obscureholidaycalendar.com/holiday/be-nasty-day/,0,13,0%,39.23
https://www.obscureholidaycalendar.com/holiday/peanut-cluster-day/,0,13,0%,42
https://www.obscureholidaycalendar.com/holiday/national-whipped-cream-day/,0,13,0%,54.77
https://www.obscureholidaycalendar.com/holiday/good-samaritan-day/,0,12,0%,28.25
https://www.obscureholidaycalendar.com/holiday/eat-a-red-apple-day/,0,12,0%,28.67
https://www.obscureholidaycalendar.com/holiday/national-salami-day/,0,12,0%,37.42
https://www.obscureholidaycalendar.com/holiday/national-7-eleven-day/,0,12,0%,48.75
https://www.obscureholidaycalendar.com/holiday/world-crocodile-day/,0,11,0%,11.73
https://www.obscureholidaycalendar.com/holiday/cabbage-day/,0,11,0%,15
https://www.obscureholidaycalendar.com/holiday/squirrel-appreciation-day/,0,11,0%,15.55
https://www.obscureholidaycalendar.com/holiday/muffin-day/,0,11,0%,23.91
https://www.obscureholidaycalendar.com/holiday/static-electricity-day/,0,11,0%,25.09
https://www.obscureholidaycalendar.com/holiday/darwin-day/,0,11,0%,28.82
https://www.obscureholidaycalendar.com/holiday/worship-of-tools-day/,0,11,0%,30.36
https://www.obscureholidaycalendar.com/holiday/national-frozen-yogurt-day/,0,11,0%,32.36
https://www.obscureholidaycalendar.com/holiday/national-cabbage-day/,0,11,0%,38.91
https://www.obscureholidaycalendar.com/holiday/national-scrabble-day/,0,11,0%,62.73
https://www.obscureholidaycalendar.com/holiday/tell-the-truth-day/,0,10,0%,11.9
https://www.obscureholidaycalendar.com/holiday/national-grammar-day/,0,10,0%,13
https://www.obscureholidaycalendar.com/holiday/alexander-graham-bell-day/,0,10,0%,17.9
https://www.obscureholidaycalendar.com/holiday/world-braille-day/,0,10,0%,25.2
https://www.obscureholidaycalendar.com/holiday/wright-brother-day/,0,10,0%,32
https://www.obscureholidaycalendar.com/holiday/forgive-mom-and-dad-day/,0,10,0%,35
https://www.obscureholidaycalendar.com/holiday/national-maple-syrup-day/,0,10,0%,36
https://www.obscureholidaycalendar.com/holiday/national-crème-brûlée-day/,0,10,0%,37.2
https://www.obscureholidaycalendar.com/holiday/mincemeat-day/,0,10,0%,39.2
https://www.obscureholidaycalendar.com/holiday/world-sauntering-day/,0,9,0%,2.44
https://www.obscureholidaycalendar.com/holiday/biscotti-day/,0,9,0%,3.67
https://www.obscureholidaycalendar.com/holiday/world-backup-day/,0,9,0%,8.78
https://www.obscureholidaycalendar.com/holiday/march-forth-day/,0,9,0%,10.11
https://www.obscureholidaycalendar.com/holiday/cacti-appreciation-day/,0,9,0%,12.11
https://www.obscureholidaycalendar.com/holiday/winter-solstice/,0,9,0%,12.11
https://www.obscureholidaycalendar.com/holiday/world-mathematics-day/,0,9,0%,22.56
https://www.obscureholidaycalendar.com/holiday/talk-like-yoda-day/,0,9,0%,25.78
https://www.obscureholidaycalendar.com/holiday/peculiar-people-day/,0,9,0%,41.11
https://www.obscureholidaycalendar.com/holiday/embrace-your-geekness-day/,0,9,0%,41.78
https://www.obscureholidaycalendar.com/holiday/stick-out-your-tongue-day/,0,9,0%,44.44
https://www.obscureholidaycalendar.com/holiday/national-fritters-day/,0,9,0%,48.78
https://www.obscureholidaycalendar.com/holiday/cinco-de-marcho/,0,9,0%,51.67
https://www.obscureholidaycalendar.com/holiday/chauvin-day/,0,9,0%,51.89
https://www.obscureholidaycalendar.com/holiday/national-mm-day/,0,9,0%,55.22
https://www.obscureholidaycalendar.com/holiday/push-button-phone-day/,0,9,0%,63.78
https://www.obscureholidaycalendar.com/holiday/national-eat-your-vegetables-day/,0,9,0%,66.67
https://www.obscureholidaycalendar.com/holiday/national-rotisserie-chicken-day/,0,9,0%,78.89
https://www.obscureholidaycalendar.com/holiday/tell-a-fairy-tale-day/,0,9,0%,81
https://www.obscureholidaycalendar.com/holiday/national-animal-crackers-day/,0,9,0%,89.44
https://www.obscureholidaycalendar.com/holiday/still-need-to-do-day/,0,8,0%,4.25
https://www.obscureholidaycalendar.com/holiday/pluto-discovery-day/,0,8,0%,8.62
https://www.obscureholidaycalendar.com/holiday/virtual-vacation-day/,0,8,0%,8.62
https://www.obscureholidaycalendar.com/holiday/hermit-day/,0,8,0%,12.25
https://www.obscureholidaycalendar.com/app/index.html,0,8,0%,13.5
https://www.obscureholidaycalendar.com/holiday/national-ugly-sweater-day/,0,8,0%,21
https://www.obscureholidaycalendar.com/holiday/global-belly-laugh-day/,0,8,0%,22.62
https://www.obscureholidaycalendar.com/holiday/paranormal-day/,0,8,0%,35.88
https://www.obscureholidaycalendar.com/holiday/saint-cecilias-day/,0,8,0%,36.5
https://www.obscureholidaycalendar.com/holiday/dictionary-day/,0,8,0%,37.5
https://www.obscureholidaycalendar.com/holiday/national-camera-day/,0,8,0%,38.75
https://www.obscureholidaycalendar.com/holiday/national-cocoa-day/,0,8,0%,40
https://www.obscureholidaycalendar.com/holiday/fibonacci-day/,0,8,0%,46
https://www.obscureholidaycalendar.com/holiday/fight-procrastination-day/,0,8,0%,47.12
https://www.obscureholidaycalendar.com/holiday/supernatural-day/,0,8,0%,51
https://www.obscureholidaycalendar.com/holiday/national-hot-tea-day/,0,8,0%,58.5
https://www.obscureholidaycalendar.com/holiday/special-education-day/,0,8,0%,59.75
https://www.obscureholidaycalendar.com/holiday/american-football-day/,0,8,0%,71.38
https://www.obscureholidaycalendar.com/holiday/eat-an-extra-dessert-day/,0,8,0%,91.25
https://www.obscureholidaycalendar.com/holiday/mischief-night/,0,7,0%,3
https://www.obscureholidaycalendar.com/holiday/national-parfait-day/,0,7,0%,7.43
https://www.obscureholidaycalendar.com/about/,0,7,0%,7.71
https://www.obscureholidaycalendar.com/holiday/national-relaxation-day/,0,7,0%,8.57
https://www.obscureholidaycalendar.com/holiday/cousins-day/,0,7,0%,9.43
https://www.obscureholidaycalendar.com/holiday/national-beach-day/,0,7,0%,9.43
https://www.obscureholidaycalendar.com/holiday/first-greenback-day/,0,7,0%,11.43
https://www.obscureholidaycalendar.com/holiday/first-steam-locomotive-journey-day/,0,7,0%,11.86
https://www.obscureholidaycalendar.com/holiday/all-or-nothing-day/,0,7,0%,15.43
https://www.obscureholidaycalendar.com/holiday/women-rock-day/,0,7,0%,19.43
https://www.obscureholidaycalendar.com/holiday/old-rock-day/,0,7,0%,27.43
https://www.obscureholidaycalendar.com/holiday/square-dance-day/,0,7,0%,28.14
https://www.obscureholidaycalendar.com/holiday/korean-american-day/,0,7,0%,30.86
https://www.obscureholidaycalendar.com/holiday/national-crossword-puzzle-day/,0,7,0%,32.57
https://www.obscureholidaycalendar.com/holiday/national-crème-de-menthe-day/,0,7,0%,32.86
https://www.obscureholidaycalendar.com/holiday/national-mole-day/,0,7,0%,33.86
https://www.obscureholidaycalendar.com/holiday/national-moonshine-day/,0,7,0%,35.71
https://www.obscureholidaycalendar.com/holiday/presidential-joke-day/,0,7,0%,37.86
https://www.obscureholidaycalendar.com/holiday/national-law-enforcement-appreciation-day/,0,7,0%,41
https://www.obscureholidaycalendar.com/holiday/national-play-doh-day/,0,7,0%,50.43
https://www.obscureholidaycalendar.com/holiday/common-sense-day/,0,7,0%,51.14
https://www.obscureholidaycalendar.com/holiday/national-marzipan-day/,0,7,0%,51.43
https://www.obscureholidaycalendar.com/holiday/national-siblings-day/,0,7,0%,60.14
https://www.obscureholidaycalendar.com/holiday/card-playing-day/,0,7,0%,65.29
https://www.obscureholidaycalendar.com/holiday/punch-the-clock-day/,0,7,0%,66.71
https://www.obscureholidaycalendar.com/holiday/tartan-day/,0,7,0%,68.43
https://www.obscureholidaycalendar.com/holiday/national-jelly-bean-day/,0,7,0%,68.86
https://www.obscureholidaycalendar.com/holiday/national-chopsticks-day/,0,7,0%,71.57
https://www.obscureholidaycalendar.com/holiday/caviar-day/,0,7,0%,71.71
https://www.obscureholidaycalendar.com/holiday/superhero-day/,0,7,0%,74
https://www.obscureholidaycalendar.com/holiday/national-greasy-foods-day/,0,7,0%,76.71
https://www.obscureholidaycalendar.com/holiday/national-ferret-day/,0,7,0%,84.71
https://www.obscureholidaycalendar.com/holiday/gumdrop-day/,0,7,0%,85
https://www.obscureholidaycalendar.com/holiday/fresh-veggies-day/,0,7,0%,93.86
https://www.obscureholidaycalendar.com/holiday/national-hat-day/,0,7,0%,101.14
https://www.obscureholidaycalendar.com/holiday/national-moscato-day/,0,6,0%,7.33
https://www.obscureholidaycalendar.com/holiday/respect-your-cat-day/,0,6,0%,9
https://www.obscureholidaycalendar.com/holiday/according-to-hoyle-day/,0,6,0%,10.33
https://www.obscureholidaycalendar.com/holiday/national-pie-day-12-01/,0,6,0%,10.33
https://www.obscureholidaycalendar.com/holiday/international-poetry-day/,0,6,0%,11
https://www.obscureholidaycalendar.com/holiday/national-static-electricity-day/,0,6,0%,11.17
https://www.obscureholidaycalendar.com/holiday/national-bavarian-crepes-day/,0,6,0%,11.33
https://www.obscureholidaycalendar.com/holiday/inspire-your-heart-with-art-day/,0,6,0%,13.17
https://www.obscureholidaycalendar.com/holiday/today/,0,6,0%,18.5
https://www.obscureholidaycalendar.com/contact/,0,6,0%,21
https://www.obscureholidaycalendar.com/holiday/national-homemade-soup-day/,0,6,0%,25.17
https://www.obscureholidaycalendar.com/holiday/national-day-of-listening/,0,6,0%,26.5
https://www.obscureholidaycalendar.com/holiday/new-years-day/,0,6,0%,29.5
https://www.obscureholidaycalendar.com/holiday/blueberry-cheesecake-day/,0,6,0%,32.67
https://www.obscureholidaycalendar.com/holiday/i-want-you-to-be-happy-day/,0,6,0%,34.33
https://www.obscureholidaycalendar.com/holiday/ditch-new-years-resolutions-day/,0,6,0%,38.83
https://www.obscureholidaycalendar.com/holiday/let-it-go-day/,0,6,0%,42.83
https://www.obscureholidaycalendar.com/holiday/race-your-mouse-around-the-icons-day/,0,6,0%,47.17
https://www.obscureholidaycalendar.com/holiday/dental-drill-appreciation-day/,0,6,0%,50.83
https://www.obscureholidaycalendar.com/holiday/national-bavarian-cream-pie-day/,0,6,0%,51
https://www.obscureholidaycalendar.com/holiday/national-candy-cane-day/,0,6,0%,51.83
https://www.obscureholidaycalendar.com/holiday/cliché-day/,0,6,0%,53.17
https://www.obscureholidaycalendar.com/holiday/national-noodle-ring-day/,0,6,0%,56.17
https://www.obscureholidaycalendar.com/holiday/crossword-puzzle-day/,0,6,0%,57.83
https://www.obscureholidaycalendar.com/holiday/chewing-gum-day/,0,6,0%,59.33
https://www.obscureholidaycalendar.com/holiday/particularly-preposterous-packaging-day/,0,6,0%,67.33
https://www.obscureholidaycalendar.com/holiday/checkers-day/,0,6,0%,87.5
https://www.obscureholidaycalendar.com/holiday/national-barbecued-spareribs-day/,0,6,0%,88.5
https://www.obscureholidaycalendar.com/holiday/national-filet-mignon-day/,0,6,0%,89.17
https://www.obscureholidaycalendar.com/holiday/national-banana-bread-day/,0,6,0%,93.17
https://www.obscureholidaycalendar.com/holiday/national-pierce-your-ears-day/,0,5,0%,7.6
https://www.obscureholidaycalendar.com/holiday/international-bionic-man-day/,0,5,0%,8.8
https://www.obscureholidaycalendar.com/holiday/left-sock-day/,0,5,0%,9
https://www.obscureholidaycalendar.com/holiday/im-not-going-to-take-it-anymore-day/,0,5,0%,9.6
https://www.obscureholidaycalendar.com/holiday/pandemonium-day/,0,5,0%,9.8
https://www.obscureholidaycalendar.com/articles/,0,5,0%,10.2
https://www.obscureholidaycalendar.com/holiday/morse-code-day/,0,5,0%,18
https://www.obscureholidaycalendar.com/holiday/creative-ice-cream-flavors-day/,0,5,0%,29.8
https://www.obscureholidaycalendar.com/holiday/day-of-the-mushroom/,0,5,0%,32.6
https://www.obscureholidaycalendar.com/holiday/earths-rotation-day/,0,5,0%,33.2
https://www.obscureholidaycalendar.com/holiday/national-milk-day/,0,5,0%,38
https://www.obscureholidaycalendar.com/holiday/national-bobblehead-day/,0,5,0%,40.8
https://www.obscureholidaycalendar.com/holiday/national-tv-dinner-day/,0,5,0%,46.6
https://www.obscureholidaycalendar.com/holiday/count-your-buttons-day/,0,5,0%,54
https://www.obscureholidaycalendar.com/holiday/nature-photography-day/,0,5,0%,60.4
https://www.obscureholidaycalendar.com/holiday/niagara-falls-runs-dry-day/,0,5,0%,77
https://www.obscureholidaycalendar.com/holiday/macaroon-day/,0,5,0%,77.4
https://www.obscureholidaycalendar.com/holiday/peach-ice-cream-day/,0,5,0%,80.2
https://www.obscureholidaycalendar.com/holiday/vanilla-ice-cream-day/,0,5,0%,81
https://www.obscureholidaycalendar.com/holiday/letter-writing-day/,0,5,0%,81.2
https://www.obscureholidaycalendar.com/holiday/lollipop-day/,0,5,0%,84.2
https://www.obscureholidaycalendar.com/holiday/national-granola-bar-day/,0,5,0%,86.4
https://www.obscureholidaycalendar.com/holiday/national-techies-day/,0,5,0%,88.6
https://www.obscureholidaycalendar.com/holiday/wild-foods-day/,0,5,0%,90.2
https://www.obscureholidaycalendar.com/holiday/brisket-day/,0,5,0%,91.4
https://www.obscureholidaycalendar.com/holiday/brothers-day/,0,5,0%,95.6
https://www.obscureholidaycalendar.com/holiday/national-mario-day/,0,5,0%,104.2
https://www.obscureholidaycalendar.com/holiday/origami-day/,0,5,0%,104.6
https://www.obscureholidaycalendar.com/holiday/serpent-day/,0,5,0%,105
https://www.obscureholidaycalendar.com/holiday/national-pumpkin-pie-day/,0,5,0%,107.4
https://www.obscureholidaycalendar.com/holiday/national-cheeseburger-day/,0,5,0%,116.4
https://www.obscureholidaycalendar.com/holiday/something-on-a-stick-day/,0,4,0%,9.25
https://www.obscureholidaycalendar.com/holiday/national-limerick-day/,0,4,0%,10
https://www.obscureholidaycalendar.com/holiday/national-hot-toddy-day/,0,4,0%,10.5
https://www.obscureholidaycalendar.com/holiday/national-earmuff-day/,0,4,0%,11.5
https://www.obscureholidaycalendar.com/holiday/piano-day/,0,4,0%,16.5
https://www.obscureholidaycalendar.com/holiday/wonderful-weirdos-day/,0,4,0%,18.25
https://www.obscureholidaycalendar.com/holiday/national-picnic-day/,0,4,0%,26.5
https://www.obscureholidaycalendar.com/holiday/national-pizza-with-the-works-except-anchovies-day/,0,4,0%,26.5
https://www.obscureholidaycalendar.com/holiday/violin-day/,0,4,0%,29.25
https://www.obscureholidaycalendar.com/holiday/drive-in-movie-day/,0,4,0%,37
https://www.obscureholidaycalendar.com/holiday/eat-brussels-sprouts-day/,0,4,0%,37.75
https://www.obscureholidaycalendar.com/holiday/tell-a-lie-day/,0,4,0%,41.5
https://www.obscureholidaycalendar.com/holiday/penguin-awareness-day/,0,4,0%,56.5
https://www.obscureholidaycalendar.com/holiday/national-chocolate-mint-day/,0,4,0%,60.75
https://www.obscureholidaycalendar.com/holiday/national-hydration-day/,0,4,0%,60.75
https://www.obscureholidaycalendar.com/holiday/the-duchess-who-wasnt-day/,0,4,0%,60.75
https://www.obscureholidaycalendar.com/holiday/pistachio-day/,0,4,0%,68.5
https://www.obscureholidaycalendar.com/holiday/sadie-hawkins-day/,0,4,0%,68.5
https://www.obscureholidaycalendar.com/holiday/video-games-day/,0,4,0%,68.75
https://www.obscureholidaycalendar.com/holiday/doodle-day/,0,4,0%,69.5
https://www.obscureholidaycalendar.com/holiday/national-pecan-pie-day/,0,4,0%,88
https://www.obscureholidaycalendar.com/holiday/frozen-yogurt-day/,0,4,0%,90.75
https://www.obscureholidaycalendar.com/holiday/pig-day/,0,4,0%,92.25
https://www.obscureholidaycalendar.com/holiday/ballpoint-pen-day/,0,4,0%,92.75
https://www.obscureholidaycalendar.com/holiday/no-bra-day/,0,4,0%,95.5
https://www.obscureholidaycalendar.com/holiday/national-cheese-day/,0,4,0%,96.25
https://www.obscureholidaycalendar.com/holiday/bicycle-day/,0,4,0%,100
https://www.obscureholidaycalendar.com/holiday/national-laundry-day/,0,4,0%,102.75
https://www.obscureholidaycalendar.com/holiday/seafood-bisque-day/,0,4,0%,106.25
https://www.obscureholidaycalendar.com/holiday/national-fried-scallops-day/,0,4,0%,110.25
https://www.obscureholidaycalendar.com/holiday/national-black-cat-day/,0,4,0%,115.75
https://www.obscureholidaycalendar.com/holiday/national-onion-rings-day/,0,4,0%,115.75
https://www.obscureholidaycalendar.com/holiday/fruitcake-toss-day/,0,4,0%,117.5
https://www.obscureholidaycalendar.com/holiday/plush-animal-lovers-day/,0,4,0%,123
https://www.obscureholidaycalendar.com/holiday/go-fishing-day/,0,4,0%,131.5
https://www.obscureholidaycalendar.com/holiday/make-a-hat-day/,0,3,0%,5.67
https://www.obscureholidaycalendar.com/holiday/national-coconut-day/,0,3,0%,6
https://www.obscureholidaycalendar.com/holiday/lei-day/,0,3,0%,6.33
https://www.obscureholidaycalendar.com/holiday/national-kool-aid-day/,0,3,0%,6.33
https://www.obscureholidaycalendar.com/holiday/national-quesadilla-day/,0,3,0%,6.33
https://www.obscureholidaycalendar.com/holiday/national-oreo-cookie-day/,0,3,0%,7
https://www.obscureholidaycalendar.com/holiday/chocolate-cake-day/,0,3,0%,7.67
https://www.obscureholidaycalendar.com/holiday/leave-the-office-early-day/,0,3,0%,10
https://www.obscureholidaycalendar.com/holiday/mushroom-day/,0,3,0%,10
https://www.obscureholidaycalendar.com/holiday/national-lets-laugh-day/,0,3,0%,10.33
https://www.obscureholidaycalendar.com/holiday/national-barbie-day/,0,3,0%,12.67
https://www.obscureholidaycalendar.com/holiday/world-radio-day/,0,3,0%,13
https://www.obscureholidaycalendar.com/holiday/national-grouch-day/,0,3,0%,14
https://www.obscureholidaycalendar.com/holiday/national-anthem-day/,0,3,0%,16
https://www.obscureholidaycalendar.com/holiday/happiness-happens-day/,0,3,0%,18.33
https://www.obscureholidaycalendar.com/holiday/rat-catchers-day/,0,3,0%,18.33
https://www.obscureholidaycalendar.com/holiday/national-answer-your-cat-s-questions-day/,0,3,0%,19
https://www.obscureholidaycalendar.com/holiday/ides-of-march/,0,3,0%,20
https://www.obscureholidaycalendar.com/holiday/ask-a-stupid-question-day/,0,3,0%,20.33
https://www.obscureholidaycalendar.com/holiday/national-say-something-nice-day/,0,3,0%,22.67
https://www.obscureholidaycalendar.com/holiday/pardon-day/,0,3,0%,24.67
https://www.obscureholidaycalendar.com/holiday/national-cosmopolitan-day/,0,3,0%,29
https://www.obscureholidaycalendar.com/holiday/international-day-of-happiness/,0,3,0%,33
https://www.obscureholidaycalendar.com/holiday/houseplant-appreciation-day/,0,3,0%,34.67
https://www.obscureholidaycalendar.com/privacy/,0,3,0%,35.33
https://www.obscureholidaycalendar.com/holiday/national-crayon-day/,0,3,0%,41.33
https://www.obscureholidaycalendar.com/holiday/australia-day/,0,3,0%,41.67
https://www.obscureholidaycalendar.com/holiday/national-sardines-day/,0,3,0%,42.67
https://www.obscureholidaycalendar.com/holiday/ride-the-wind-day/,0,3,0%,43.67
https://www.obscureholidaycalendar.com/holiday/look-for-circles-day/,0,3,0%,47
https://www.obscureholidaycalendar.com/holiday/floral-design-day/,0,3,0%,47.67
https://www.obscureholidaycalendar.com/holiday/no-news-is-good-news-day/,0,3,0%,49.33
https://www.obscureholidaycalendar.com/holiday/national-eggnog-day/,0,3,0%,49.67
https://www.obscureholidaycalendar.com/holiday/national-absinthe-day/,0,3,0%,51.33
https://www.obscureholidaycalendar.com/holiday/mad-hatter-day/,0,3,0%,53.33
https://www.obscureholidaycalendar.com/holiday/national-lash-day/,0,3,0%,56.67
https://www.obscureholidaycalendar.com/holiday/national-science-fiction-day/,0,3,0%,60.33
https://www.obscureholidaycalendar.com/holiday/national-peanut-butter-cookie-day/,0,3,0%,64.67
https://www.obscureholidaycalendar.com/holiday/national-two-different-colored-shoes-day/,0,3,0%,73.67
https://www.obscureholidaycalendar.com/holiday/old-stuff-day/,0,3,0%,78.67
https://www.obscureholidaycalendar.com/holiday/johnny-appleseed-day/,0,3,0%,84.67
https://www.obscureholidaycalendar.com/holiday/hug-holiday-day/,0,3,0%,85.33
https://www.obscureholidaycalendar.com/holiday/chocolate-fondue-day/,0,3,0%,89
https://www.obscureholidaycalendar.com/holiday/toasted-marshmallow-day/,0,3,0%,90
https://www.obscureholidaycalendar.com/holiday/national-pumpkin-cheesecake-day/,0,3,0%,93.33
https://www.obscureholidaycalendar.com/holiday/butterscotch-pudding-day/,0,3,0%,95
https://www.obscureholidaycalendar.com/holiday/ice-cream-cone-day/,0,3,0%,96
https://www.obscureholidaycalendar.com/holiday/cotton-candy-day/,0,3,0%,104.33
https://www.obscureholidaycalendar.com/holiday/barbershop-quartet-day/,0,3,0%,107.67
https://www.obscureholidaycalendar.com/holiday/pig-in-a-blanket-day/,0,3,0%,110.33
https://www.obscureholidaycalendar.com/holiday/wear-your-pajamas-to-work-day/,0,3,0%,111
https://www.obscureholidaycalendar.com/holiday/national-coffee-day/,0,3,0%,112.33
https://www.obscureholidaycalendar.com/holiday/national-corned-beef-hash-day/,0,3,0%,112.67
https://www.obscureholidaycalendar.com/holiday/national-doughnut-day/,0,3,0%,115
https://www.obscureholidaycalendar.com/holiday/national-corn-fritters-day/,0,3,0%,116.67
https://www.obscureholidaycalendar.com/holiday/sausage-pizza-day/,0,3,0%,117
https://www.obscureholidaycalendar.com/holiday/indian-pudding-day/,0,3,0%,119.67
https://www.obscureholidaycalendar.com/holiday/wear-something-gaudy-day/,0,3,0%,125.33
https://www.obscureholidaycalendar.com/holiday/national-cheese-lovers-day/,0,3,0%,127
https://www.obscureholidaycalendar.com/holiday/pack-rat-day/,0,3,0%,131.33
https://www.obscureholidaycalendar.com/holiday/smart-is-cool-day/,0,3,0%,145
https://www.obscureholidaycalendar.com/holiday/international-sushi-day/,0,3,0%,146
https://www.obscureholidaycalendar.com/holiday/national-fast-food-day/,0,3,0%,149.67
https://www.obscureholidaycalendar.com/holiday/national-blueberry-popsicle-day/,0,3,0%,153.67
https://www.obscureholidaycalendar.com/holiday/national-book-lovers-day/,0,3,0%,154.67
https://www.obscureholidaycalendar.com/holiday/cable-car-day/,0,3,0%,172
https://www.obscureholidaycalendar.com/robots.txt,0,2,0%,2
https://www.obscureholidaycalendar.com/holiday/argyle-day/,0,2,0%,4
https://www.obscureholidaycalendar.com/holiday/smores-day/,0,2,0%,5
https://www.obscureholidaycalendar.com/holiday/rubber-eraser-day/,0,2,0%,5.5
https://www.obscureholidaycalendar.com/holiday/jewel-day/,0,2,0%,6.5
https://www.obscureholidaycalendar.com/holiday/national-strawberry-shortcake-day/,0,2,0%,6.5
https://www.obscureholidaycalendar.com/holiday/be-a-millionaire-day/,0,2,0%,7
https://www.obscureholidaycalendar.com/holiday/beverage-day/,0,2,0%,7
https://www.obscureholidaycalendar.com/holiday/happy-hour-day/,0,2,0%,7
https://www.obscureholidaycalendar.com/holiday/may-ray-day/,0,2,0%,7
https://www.obscureholidaycalendar.com/holiday/sidewalk-egg-frying-day/,0,2,0%,7
https://www.obscureholidaycalendar.com/holiday/go-for-broke-day/,0,2,0%,7.5
https://www.obscureholidaycalendar.com/holiday/national-cherry-popsicle-day/,0,2,0%,7.5
https://www.obscureholidaycalendar.com/discord-bot/success.html,0,2,0%,8
https://www.obscureholidaycalendar.com/holiday/national-matchmaker-day/,0,2,0%,8
https://www.obscureholidaycalendar.com/holiday/vcr-day/,0,2,0%,8
https://www.obscureholidaycalendar.com/holiday/world-rat-day/,0,2,0%,8
https://www.obscureholidaycalendar.com/holiday/national-margarita-day/,0,2,0%,8.5
https://www.obscureholidaycalendar.com/holiday/national-strawberry-day/,0,2,0%,8.5
https://www.obscureholidaycalendar.com/holiday/world-party-day/,0,2,0%,8.5
https://www.obscureholidaycalendar.com/holiday/flapjack-day/,0,2,0%,9
https://www.obscureholidaycalendar.com/holiday/leif-erikson-day/,0,2,0%,9
https://www.obscureholidaycalendar.com/holiday/national-cubicle-day/,0,2,0%,9
https://www.obscureholidaycalendar.com/holiday/national-chop-suey-day/,0,2,0%,9.5
https://www.obscureholidaycalendar.com/holiday/plimsoll-day/,0,2,0%,9.5
https://www.obscureholidaycalendar.com/holiday/national-emma-m-nutt-day/,0,2,0%,10
https://www.obscureholidaycalendar.com/holiday/national-tapioca-day/,0,2,0%,10
https://www.obscureholidaycalendar.com/holiday/go-to-an-art-museum-day/,0,2,0%,10.5
https://www.obscureholidaycalendar.com/holiday/national-mint-julep-day/,0,2,0%,11
https://www.obscureholidaycalendar.com/holiday/national-name-your-car-day/,0,2,0%,11
https://www.obscureholidaycalendar.com/holiday/good-grief-day/,0,2,0%,11.5
https://www.obscureholidaycalendar.com/holiday/world-bartender-day/,0,2,0%,11.5
https://www.obscureholidaycalendar.com/holiday/american-touch-tag-day/,0,2,0%,12
https://www.obscureholidaycalendar.com/holiday/international-radiography-day/,0,2,0%,12
https://www.obscureholidaycalendar.com/holiday/draw-a-picture-of-a-bird-day/,0,2,0%,14.5
https://www.obscureholidaycalendar.com/holiday/international-day-of-forests/,0,2,0%,17
https://www.obscureholidaycalendar.com/holiday/valentine-s-day/,0,2,0%,17.5
https://www.obscureholidaycalendar.com/holiday/national-ampersand-day/,0,2,0%,18
https://www.obscureholidaycalendar.com/holiday/girl-scout-day/,0,2,0%,19.5
https://www.obscureholidaycalendar.com/holiday/national-peanut-butter-fudge-day/,0,2,0%,25
https://www.obscureholidaycalendar.com/holiday/national-periodic-table-day/,0,2,0%,25
https://www.obscureholidaycalendar.com/holiday/change-your-password-day/,0,2,0%,26
https://www.obscureholidaycalendar.com/holiday/national-mulled-wine-day/,0,2,0%,27.5
https://www.obscureholidaycalendar.com/holiday/public-sleeping-day/,0,2,0%,31
https://www.obscureholidaycalendar.com/holiday/data-privacy-day/,0,2,0%,37
https://www.obscureholidaycalendar.com/holiday/spouse-s-day/,0,2,0%,37
https://www.obscureholidaycalendar.com/holiday/carousel-day/,0,2,0%,37.5
https://www.obscureholidaycalendar.com/holiday/national-chocolate-pudding-day/,0,2,0%,45
https://www.obscureholidaycalendar.com/holiday/random-acts-of-kindness-day/,0,2,0%,45
https://www.obscureholidaycalendar.com/sitemap.xml,0,2,0%,46.5
https://www.obscureholidaycalendar.com/holiday/world-rainforest-day/,0,2,0%,52
https://www.obscureholidaycalendar.com/holiday/national-sugar-cookie-day/,0,2,0%,54
https://www.obscureholidaycalendar.com/holiday/national-bologna-day/,0,2,0%,54.5
https://www.obscureholidaycalendar.com/holiday/world-theatre-day/,0,2,0%,55
https://www.obscureholidaycalendar.com/holiday/middle-childs-day/,0,2,0%,57
https://www.obscureholidaycalendar.com/holiday/saint-nicholas-day/,0,2,0%,59.5
https://www.obscureholidaycalendar.com/holiday/national-panda-day/,0,2,0%,85
https://www.obscureholidaycalendar.com/holiday/national-wine-and-cheese-day/,0,2,0%,106.5
https://www.obscureholidaycalendar.com/holiday/coconut-cream-pie-day/,0,2,0%,116
https://www.obscureholidaycalendar.com/holiday/national-peanut-butter-and-jelly-day/,0,2,0%,131.5
https://www.obscureholidaycalendar.com/holiday/miniature-golf-day/,0,2,0%,134
https://www.obscureholidaycalendar.com/holiday/new-years-eve/,0,2,0%,142
https://www.obscureholidaycalendar.com/holiday/national-chocolate-covered-pretzel-day/,0,2,0%,147
https://www.obscureholidaycalendar.com/holiday/chocolate-covered-nut-day/,0,2,0%,152
https://www.obscureholidaycalendar.com/holiday/smile-power-day/,0,2,0%,154
https://www.obscureholidaycalendar.com/holiday/create-a-vacuum-day/,0,2,0%,157.5
https://www.obscureholidaycalendar.com/holiday/national-cheese-pizza-day/,0,2,0%,172.5
https://www.obscureholidaycalendar.com/holiday/international-left-handers-day/,0,2,0%,174.5
https://www.obscureholidaycalendar.com/holiday/one-cent-day/,0,2,0%,189
https://www.obscureholidaycalendar.com/holiday/homemade-bread-day/,0,2,0%,190.5
https://www.obscureholidaycalendar.com/holiday/national-coffee-ice-cream-day/,0,1,0%,1
https://www.obscureholidaycalendar.com/holiday/national-sandwich-day/,0,1,0%,1
https://www.obscureholidaycalendar.com/holiday/national-spumoni-day/,0,1,0%,1
https://www.obscureholidaycalendar.com/holiday/cellophane-tape-day/,0,1,0%,2
https://www.obscureholidaycalendar.com/holiday/world-turtle-day/,0,1,0%,2
https://www.obscureholidaycalendar.com/holiday/eat-what-you-want-day/,0,1,0%,3
https://www.obscureholidaycalendar.com/holiday/feral-cat-day/,0,1,0%,3
https://www.obscureholidaycalendar.com/holiday/fire-day/,0,1,0%,4
https://www.obscureholidaycalendar.com/holiday/national-caps-lock-day/,0,1,0%,4
https://www.obscureholidaycalendar.com/holiday/put-a-pillow-on-your-fridge-day/,0,1,0%,4
https://www.obscureholidaycalendar.com/holiday/brutus-day/,0,1,0%,5
https://www.obscureholidaycalendar.com/holiday/national-cake-day/,0,1,0%,5
https://www.obscureholidaycalendar.com/holiday/national-inane-answering-machine-day/,0,1,0%,5
https://www.obscureholidaycalendar.com/holiday/nylon-invention-day/,0,1,0%,5
https://www.obscureholidaycalendar.com/holiday/pierogi-day/,0,1,0%,5
https://www.obscureholidaycalendar.com/holiday/star-wars-day/,0,1,0%,5
https://www.obscureholidaycalendar.com/holiday/cherry-pie-day/,0,1,0%,6
https://www.obscureholidaycalendar.com/holiday/no-socks-day/,0,1,0%,6
https://www.obscureholidaycalendar.com/holiday/national-bow-tie-day/,0,1,0%,7
https://www.obscureholidaycalendar.com/holiday/national-chocolate-milkshake-day/,0,1,0%,7
https://www.obscureholidaycalendar.com/holiday/national-ice-cream-soda-day/,0,1,0%,7
https://www.obscureholidaycalendar.com/holiday/wave-all-your-fingers-at-your-neighbors-day/,0,1,0%,7
https://www.obscureholidaycalendar.com/holiday/world-contact-day/,0,1,0%,7
https://www.obscureholidaycalendar.com/holiday/brandied-fruit-day/,0,1,0%,8
https://www.obscureholidaycalendar.com/holiday/dessert-day/,0,1,0%,8
https://www.obscureholidaycalendar.com/holiday/kiss-and-make-up-day/,0,1,0%,8
https://www.obscureholidaycalendar.com/holiday/no-interruptions-day/,0,1,0%,8
https://www.obscureholidaycalendar.com/holiday/world-wildlife-day/,0,1,0%,8
https://www.obscureholidaycalendar.com/holiday/bulldogs-are-beautiful-day/,0,1,0%,9
https://www.obscureholidaycalendar.com/holiday/german-american-day/,0,1,0%,9
https://www.obscureholidaycalendar.com/holiday/hobbit-day/,0,1,0%,9
https://www.obscureholidaycalendar.com/holiday/lucky-penny-day/,0,1,0%,9
https://www.obscureholidaycalendar.com/holiday/national-daiquiri-day/,0,1,0%,9
https://www.obscureholidaycalendar.com/holiday/national-piña-colada-day/,0,1,0%,9
https://www.obscureholidaycalendar.com/holiday/national-scavenger-hunt-day/,0,1,0%,9
https://www.obscureholidaycalendar.com/holiday/waffle-day/,0,1,0%,9
https://www.obscureholidaycalendar.com/holiday/work-like-a-dog-day/,0,1,0%,9
https://www.obscureholidaycalendar.com/holiday/international-civil-aviation-day/,0,1,0%,10
https://www.obscureholidaycalendar.com/holiday/shrimp-scampi-day/,0,1,0%,10
https://www.obscureholidaycalendar.com/holiday/sunscreen-day/,0,1,0%,10
https://www.obscureholidaycalendar.com/holiday/swim-a-lap-day/,0,1,0%,10
https://www.obscureholidaycalendar.com/holiday/world-nutella-day/,0,1,0%,10
https://www.obscureholidaycalendar.com/slack-bot/success.html,0,1,0%,10
https://www.obscureholidaycalendar.com/holiday/french-fries-day/,0,1,0%,11
https://www.obscureholidaycalendar.com/holiday/international-goof-off-day/,0,1,0%,11
https://www.obscureholidaycalendar.com/subprocessors/,0,1,0%,11
https://www.obscureholidaycalendar.com/holiday/boxing-day/,0,1,0%,12
https://www.obscureholidaycalendar.com/holiday/haiku-poetry-day/,0,1,0%,12
https://www.obscureholidaycalendar.com/holiday/international-kissing-day/,0,1,0%,12
https://www.obscureholidaycalendar.com/holiday/mickey-mouse-day/,0,1,0%,12
https://www.obscureholidaycalendar.com/holiday/national-fettuccine-alfredo-day/,0,1,0%,12
https://www.obscureholidaycalendar.com/holiday/national-raspberry-bombe-day/,0,1,0%,12
https://www.obscureholidaycalendar.com/holiday/national-umbrella-day/,0,1,0%,12
https://www.obscureholidaycalendar.com/holiday/national-yo-yo-day/,0,1,0%,12
https://www.obscureholidaycalendar.com/holiday/national-soft-ice-cream-day/,0,1,0%,13
https://www.obscureholidaycalendar.com/holiday/dolly-the-sheep-day/,0,1,0%,16
https://www.obscureholidaycalendar.com/holiday/international-women-s-day/,0,1,0%,20
https://www.obscureholidaycalendar.com/holiday/national-apple-dumpling-day/,0,1,0%,21
https://www.obscureholidaycalendar.com/holiday/visit-your-relatives-day/,0,1,0%,26
https://www.obscureholidaycalendar.com/holiday/cinco-de-mayo/,0,1,0%,27
https://www.obscureholidaycalendar.com/holiday/christmas-day/,0,1,0%,28
https://www.obscureholidaycalendar.com/holiday/rum-day/,0,1,0%,30
https://www.obscureholidaycalendar.com/holiday/clean-out-your-refrigerator-day/,0,1,0%,34
https://www.obscureholidaycalendar.com/holiday/international-birdhouse-day/,0,1,0%,37
https://www.obscureholidaycalendar.com/holiday/international-tongue-twister-day/,0,1,0%,38
https://www.obscureholidaycalendar.com/holiday/national-peach-pie-day/,0,1,0%,46
https://www.obscureholidaycalendar.com/holiday/national-avocado-day/,0,1,0%,51
https://www.obscureholidaycalendar.com/holiday/wear-purple-for-peace-day/,0,1,0%,51
https://www.obscureholidaycalendar.com/holiday/bittersweet-chocolate-with-almonds-day/,0,1,0%,55
https://www.obscureholidaycalendar.com/holiday/crab-stuffed-flounder-day/,0,1,0%,55
https://www.obscureholidaycalendar.com/holiday/national-dark-chocolate-day/,0,1,0%,57
https://www.obscureholidaycalendar.com/holiday/national-spaghetti-day/,0,1,0%,59
https://www.obscureholidaycalendar.com/holiday/national-creamsicle-day/,0,1,0%,62
https://www.obscureholidaycalendar.com/holiday/martin-luther-king-jr-s-birthday/,0,1,0%,63
https://www.obscureholidaycalendar.com/holiday/national-hammock-day/,0,1,0%,67
https://www.obscureholidaycalendar.com/holiday/national-video-game-day/,0,1,0%,67
https://www.obscureholidaycalendar.com/holiday/national-milk-chocolate-day/,0,1,0%,72
https://www.obscureholidaycalendar.com/holiday/world-plant-a-vegetable-garden-day/,0,1,0%,76
https://www.obscureholidaycalendar.com/holiday/cookbook-launch-day/,0,1,0%,77
https://www.obscureholidaycalendar.com/holiday/make-up-your-own-holiday-day/,0,1,0%,80
https://www.obscureholidaycalendar.com/sitemaps/sitemap-2025-06.xml,0,1,0%,81
https://www.obscureholidaycalendar.com/sitemaps/sitemap-2025-01.xml,0,1,0%,82
https://www.obscureholidaycalendar.com/sitemaps/sitemap-2025-10.xml,0,1,0%,83
https://www.obscureholidaycalendar.com/sitemaps/sitemap-2025-04.xml,0,1,0%,84
https://www.obscureholidaycalendar.com/holiday/national-guacamole-day/,0,1,0%,86
https://www.obscureholidaycalendar.com/holiday/national-chocolate-milk-day/,0,1,0%,88
https://www.obscureholidaycalendar.com/sitemaps/sitemap-2025-03.xml,0,1,0%,88
https://www.obscureholidaycalendar.com/sitemaps/sitemap-2025-11.xml,0,1,0%,89
https://www.obscureholidaycalendar.com/sitemaps/sitemap-2025-02.xml,0,1,0%,90
https://www.obscureholidaycalendar.com/holiday/cook-a-sweet-potato-day/,0,1,0%,91
https://www.obscureholidaycalendar.com/sitemaps/sitemap-2025-07.xml,0,1,0%,91
https://www.obscureholidaycalendar.com/sitemaps/sitemap-2025-12.xml,0,1,0%,93
https://www.obscureholidaycalendar.com/holiday/first-macy-s-christmas-parade-day/,0,1,0%,98
https://www.obscureholidaycalendar.com/holiday/national-iced-tea-day/,0,1,0%,100
https://www.obscureholidaycalendar.com/holiday/chocolate-milkshake-day/,0,1,0%,178
https://www.obscureholidaycalendar.com/holiday/bubble-bath-day/,0,1,0%,185
https://www.obscureholidaycalendar.com/holiday/buy-a-musical-instrument-day/,0,1,0%,189
https://www.obscureholidaycalendar.com/holiday/national-puppy-day/,0,1,0%,195
https://www.obscureholidaycalendar.com/holiday/national-pecan-torte-day/,0,1,0%,197
https://www.obscureholidaycalendar.com/holiday/international-dog-biscuit-appreciation-day/,0,1,0%,200
https://www.obscureholidaycalendar.com/holiday/national-grilled-cheese-sandwich-day/,0,1,0%,215